Model,MSE,MAE,R2_Score
LSTM,49449664.0,6064.12451171875,0.8733240365982056
GRU,8314622.5,2278.30712890625,0.9787002801895142
